Timestamp,En que ciudad te encuentras?,Que edad tienes,Cuál es el código postal desde donde sueles hacer tus pedidos de comida? (de tu domicilio o de tu trabajo),"Para tu comida de medio día, la mayoría de las veces...",Qué tan frecuente pides comida a domicilio?,"Cuando haces pedido de comida, qué tipo de comida sueles pedir?",Como te enteras del menú de la fondita o comida corrida cercana?,Cuál es el medio por el que haces tus pedidos?,Que es lo más difícil de hacer el pedido por este medio? ,Tus pedidos....,Avisan a que hora quieres recibir tu comida?,Normalmente como haces el pago de tu pedido?,"Te cobran extra, si es un pedido a domicilio?",Cuál es el límite de entrega (en cuadras a la redonda del negocio de comidas)?,Te gustaría conocer más locales de comida en tu colonia o delegación?,Quien lleva y entrega el pedido?,Han habido ocasiones en que no encuentran la dirección de entrega? Que es lo que haces en ese caso?,"Algún otro comentario, o limitación que tengas para poder conocer las alternativas de comida y hacer pedidos en tu colonia/delegación?"
2/18/2021 12:37:50,Guadalajara ,,,Preparas tu comida en casa,1 a 2 veces por semana,"Comida rápida (hamburguesas, hotdogs, alitas, etc)",Visitas el lugar y pides el menú del día,Teléfono,,Pides que te lo envíen a tu domicilio,Llegan despúes de haber hecho el pedido,Contra entrega en efectivo,Si,10 cuadras,Sí,Existe una persona exclusiva que hace las entregas,Pido en otro lugar,Les falta difusión a los negocios locales
2/18/2021 12:38:07,Guadalajara,,,Preparas tu comida en casa,3 a 5 veces por semana,"Antojitos mexicanos (tacos, gorditas, quesadillas, etc), Comida rápida (hamburguesas, hotdogs, alitas, etc)",Visitas el lugar y pides el menú del día,"Visitan el local para hacer el pedido, APP móvil",,Los recoges en el lugar,Sí,Contra entrega en efectivo,Si,10 cuadras,Sí,"Existe una persona exclusiva que hace las entregas, UBER EATS, DIDI Food",Voy al lugar,Horarios
2/18/2021 12:47:07,Tlaquepaque Jalisco,,45540,Preparas tu comida en casa,1 a 2 veces al mes,"Comida rápida (hamburguesas, hotdogs, alitas, etc)",Visitas el lugar y pides el menú del día,Teléfono,,Pides que te lo envíen a tu trabajo,Sí,Contra entrega en efectivo,No,,Sí,"Repartidores, contratados ","Si, ellos marcan y piden indicaciones bien de cómo llegar",No
2/18/2021 12:49:19,Guadalajara ,,44648,Preparas tu comida en casa,1 a 2 veces al mes,"Comida rápida (hamburguesas, hotdogs, alitas, etc)",Visitas el lugar y pides el menú del día,"Teléfono, Visitan el local para hacer el pedido, APP móvil",,Pides que te lo envíen a tu domicilio,Sí,Tarjeta de debito / credito,Si,,Sí,"Existe una persona exclusiva que hace las entregas, UBER EATS, DIDI Food",Salgo y le chiflo,
2/18/2021 12:49:34,guadalajara,,44700,Preparas tu comida en casa,1 a 2 veces al mes,"Comida rápida (hamburguesas, hotdogs, alitas, etc)",Página web,"Teléfono, APP móvil",,Pides que te lo envíen a tu domicilio,Llegan despúes de haber hecho el pedido,"Contra entrega en efectivo, Tarjeta de debito / credito",Si,10 cuadras,Sí,"UBER EATS, DIDI Food",,
2/18/2021 12:59:47,Zapopan,,45190,Preparas tu comida en casa,1 a 2 veces por semana,"Comida rápida (hamburguesas, hotdogs, alitas, etc)",Facebook,APP móvil,,Pides que te lo envíen a tu domicilio,Sí,Tarjeta de debito / credito,Si,10 cuadras,Sí,UBER EATS,No,ninguno 
2/18/2021 14:22:33,Guadalajara,Entre 18 y 28 años de edad,44870,Preparas tu comida en casa,1 a 2 veces por semana,"Desayunos, Comida rápida (hamburguesas, hotdogs, alitas, etc)",WhatsApp,Teléfono,,Pides que te lo envíen a tu domicilio,Llegan despúes de haber hecho el pedido,"Contra entrega en efectivo, Tarjeta de debito / credito",Si,8 cuadras,Sí,"Uno de los meseros o meseras, UBER EATS, DIDI Food",No.,Conocer calificaciones de los locales cercanos sería de mucha ayuda para saber en dónde pedir.
2/18/2021 15:40:41,Tonalá,Entre 18 y 28 años de edad,45402,Preparas tu comida en casa,1 a 2 veces por semana,"Comida rápida (hamburguesas, hotdogs, alitas, etc)",Visitas el lugar y pides el menú del día,APP móvil,,Pides que te lo envíen a tu domicilio,Llegan despúes de haber hecho el pedido,Tarjeta de debito / credito,Si,10 cuadras,Sí,DIDI Food,Me marcan para preguntar por indicaciones,
2/18/2021 17:12:32,Guadalajara,Entre 18 y 28 años de edad,45402,Comes fuera de casa / trabajo,1 a 2 veces por semana,"Comida corrida / Comida a medio día, Antojitos mexicanos (tacos, gorditas, quesadillas, etc), Comida rápida (hamburguesas, hotdogs, alitas, etc)",Página web,"WhatsApp, APP móvil",,Pides que te lo envíen a tu trabajo,No,Tarjeta de debito / credito,No,8 cuadras,Sí,"Existe una persona exclusiva que hace las entregas, UBER EATS, DIDI Food",No,No
2/18/2021 17:12:52,Ciudad de México ,Entre 18 y 28 años de edad,02800,Preparas tu comida en casa,1 a 2 veces por semana,"Antojitos mexicanos (tacos, gorditas, quesadillas, etc), Comida rápida (hamburguesas, hotdogs, alitas, etc)",Visitas el lugar y pides el menú del día,"Teléfono, Visitan el local para hacer el pedido",,Los recoges en el lugar,Llegan despúes de haber hecho el pedido,Contra entrega en efectivo,Si,5 cuadras,Sí,Existe una persona exclusiva que hace las entregas,Se comunican conmigo para preguntar,Ninguna 
2/18/2021 19:15:23,Guadalajara Jalisco,Entre 18 y 28 años de edad,44820,Preparas tu comida en casa,1 a 2 veces al mes,"Comida rápida (hamburguesas, hotdogs, alitas, etc)",Página web,Teléfono,,Pides que te lo envíen a tu domicilio,Llegan despúes de haber hecho el pedido,Contra entrega en efectivo,No,5 - 10Km,Sí,Depende,,
2/18/2021 19:40:39,Ciudad de México ,Entre 29 y 39 años de edad,53390,Preparas tu comida en casa,1 a 2 veces al mes,"Antojitos mexicanos (tacos, gorditas, quesadillas, etc), Comida rápida (hamburguesas, hotdogs, alitas, etc), Postres / dulces",WhatsApp,"WhatsApp, APP móvil",,Pides que te lo envíen a tu domicilio,Llegan despúes de haber hecho el pedido,Tarjeta de debito / credito,Si,10 cuadras,Sí,"Existe una persona exclusiva que hace las entregas, UBER EATS, DIDI Food",Dejo mi número de celular para queme llamen,
2/18/2021 19:44:53,CDMX,Entre 29 y 39 años de edad,06200,Preparas tu comida en casa,1 a 2 veces al mes,"Comida corrida / Comida a medio día, Antojitos mexicanos (tacos, gorditas, quesadillas, etc), Comida rápida (hamburguesas, hotdogs, alitas, etc), Postres / dulces",WhatsApp,"WhatsApp, Visitan el local para hacer el pedido, APP móvil",,Pides que te lo envíen a tu domicilio,Sí,"Contra entrega en efectivo, Tarjeta de debito / credito, Transferencia bancaria",Si,10 cuadras,Sí,"Uno de los meseros o meseras, Existe una persona exclusiva que hace las entregas, UBER EATS, DIDI Food",Llaman al celular,
2/18/2021 19:50:31,Ciudad de México,Entre 40 y 50 años de edad,14390,Comes fuera de casa / trabajo,3 a 5 veces por semana,Comida corrida / Comida a medio día,WhatsApp,WhatsApp,,Pides que te lo envíen a tu trabajo,Sí,Contra entrega en efectivo,No,5 cuadras,Sí,Existe una persona exclusiva que hace las entregas,Llamar y darles más referencias para que puedan llegar ,Que no puedo salír mucho de mi centro de trabajo 
2/18/2021 19:52:21,Ciudad de México ,Entre 29 y 39 años de edad,01430,Preparas tu comida en casa,1 a 2 veces al mes,"Comida rápida (hamburguesas, hotdogs, alitas, etc)",Página web,Teléfono,,Pides que te lo envíen a tu domicilio,Sí,Contra entrega en efectivo,No,8 cuadras,Sí,Uno de los meseros o meseras,,"Algunos lugares no tienen el
Suficiente personal para las entregas lo que genera un tiempo de
Espera más largo "
2/18/2021 19:52:25,Estado de México ,Entre 29 y 39 años de edad,54744,Pides comida a alguna fondita o restaurant cercano,3 a 5 veces por semana,"Comida corrida / Comida a medio día, Antojitos mexicanos (tacos, gorditas, quesadillas, etc), Comida rápida (hamburguesas, hotdogs, alitas, etc)",WhatsApp,Teléfono,,Los recoges en el lugar,No,Tarjeta de debito / credito,Si,10 cuadras,Sí,"El dueño del lugar de comidas, Uno de los meseros o meseras, UBER EATS",No,
2/18/2021 19:57:30,Ciudad de México ,Entre 40 y 50 años de edad,01740,Preparas tu comida en casa,1 a 2 veces por semana,"Antojitos mexicanos (tacos, gorditas, quesadillas, etc), Comida rápida (hamburguesas, hotdogs, alitas, etc), Postres / dulces",Visitas el lugar y pides el menú del día,APP móvil,,Pides que te lo envíen a tu domicilio,Llegan despúes de haber hecho el pedido,Tarjeta de debito / credito,Si,10 cuadras,Sí,UBER EATS,Me llaman y les explico la dirección ,
2/18/2021 19:58:54,Estado de México ,Entre 29 y 39 años de edad,54800,Preparas tu comida en casa,1 a 2 veces por semana,"Comida rápida (hamburguesas, hotdogs, alitas, etc)",WhatsApp,WhatsApp,,Pides que te lo envíen a tu domicilio,Sí,Contra entrega en efectivo,No,10 cuadras,Sí,Existe una persona exclusiva que hace las entregas,Enviar ubicación por WhatsApp,No
2/18/2021 20:00:21,Benito Juárez,Entre 40 y 50 años de edad,03023,Pides comida a alguna fondita o restaurant cercano,Nunca,Comida corrida / Comida a medio día,WhatsApp,WhatsApp,,Los recoges en el lugar,No,Tarjeta de debito / credito,Si,10 cuadras,No,Uno de los meseros o meseras,No,Mejorar la calidad de los platillos en cuanto a cantidad de grasas y presentación
2/18/2021 20:03:30,Queretaro ,Entre 29 y 39 años de edad,76090,Preparas tu comida en casa,1 a 2 veces por semana,"Comida rápida (hamburguesas, hotdogs, alitas, etc)",WhatsApp,WhatsApp,,Pides que te lo envíen a tu domicilio,No,Contra entrega en efectivo,Si,10 cuadras,Sí,Existe una persona exclusiva que hace las entregas,Si,
2/18/2021 20:03:41,CDMX,Entre 29 y 39 años de edad,05120,Preparas tu comida en casa,1 a 2 veces por semana,"Comida rápida (hamburguesas, hotdogs, alitas, etc), Sushi",Instagram,APP móvil,,Pides que te lo envíen a tu domicilio,Sí,Tarjeta de debito / credito,Si,10 cuadras,Sí,UBER EATS,No,
2/18/2021 20:05:12,Puebla,Entre 40 y 50 años de edad,72170,Preparas tu comida en casa,1 a 2 veces por semana,"Comida corrida / Comida a medio día, Antojitos mexicanos (tacos, gorditas, quesadillas, etc), Comida rápida (hamburguesas, hotdogs, alitas, etc)",WhatsApp,WhatsApp,,Pides que te lo envíen a tu domicilio,Sí,Contra entrega en efectivo,Si,10 cuadras,Sí,"Uno de los meseros o meseras, Existe una persona exclusiva que hace las entregas, UBER EATS, DIDI Food",Les indico por donde vía telefónica.,"Que se apeguen a un modelo de economía social que es similar al de una cooperativa, pero con ingresos de acuerdo a su esfuerzo y desempeño!!"
2/18/2021 20:05:38,Edomex ,Entre 40 y 50 años de edad,5532525310,Pides comida a alguna fondita o restaurant cercano,1 a 2 veces al mes,"Comida rápida (hamburguesas, hotdogs, alitas, etc)",WhatsApp,WhatsApp,,Pides que te lo envíen a tu domicilio,Sí,Contra entrega en efectivo,Si,5 cuadras,Sí,El dueño del lugar de comidas,Mandar ubicación y dar referencias ,
2/18/2021 20:07:03,Estado de México ,Entre 29 y 39 años de edad,54750,Preparas tu comida en casa,1 a 2 veces al mes,"Antojitos mexicanos (tacos, gorditas, quesadillas, etc), Comida rápida (hamburguesas, hotdogs, alitas, etc)",Visitas el lugar y pides el menú del día,WhatsApp,,Pides que te lo envíen a tu domicilio,Sí,Contra entrega en efectivo,No,10 cuadras,Sí,UBER EATS,No,Ninguna
2/18/2021 20:07:04,México,Entre 18 y 28 años de edad,54715,Preparas tu comida en casa,3 a 5 veces por mes,"Comida rápida (hamburguesas, hotdogs, alitas, etc)",Página web,APP móvil,,Pides que te lo envíen a tu domicilio,Sí,Tarjeta de debito / credito,Si,10 cuadras,Sí,"Existe una persona exclusiva que hace las entregas, UBER EATS",Poner un punto de referencia conocido e ir guiando,"Muchas veces no hay servicio hasta mi casa, así que pongo una dirección cercana y le doy un extra al repartidor por llegar hasta mi domicilio"
2/18/2021 20:08:10,Cuautitlan izcalli,Entre 40 y 50 años de edad,54715,Preparas tu comida en casa,3 a 5 veces por mes,"Comida rápida (hamburguesas, hotdogs, alitas, etc)",Facebook,WhatsApp,,Pides que te lo envíen a tu domicilio,Sí,Contra entrega en efectivo,Si,10 cuadras,Sí,UBER EATS,N/A,N/A
2/18/2021 20:10:29,Monterrey ,Entre 29 y 39 años de edad,66362,Preparas tu comida en casa,1 a 2 veces al mes,"Comida rápida (hamburguesas, hotdogs, alitas, etc), Postres / dulces",Instagram,APP móvil,,Pides que te lo envíen a tu domicilio,Sí,Tarjeta de debito / credito,Si,3 o 4 km,Sí,DIDI Food,Escribir al chat de la aplicación directamente y comunicarme con el repartidor , Que no lleguen a mi domicilio 
2/18/2021 20:11:05,Edo Mexico,Entre 29 y 39 años de edad,54730,Pides comida a alguna fondita o restaurant cercano,1 a 2 veces por semana,Comida corrida / Comida a medio día,WhatsApp,"Teléfono, WhatsApp",,Pides que te lo envíen a tu domicilio,Llegan despúes de haber hecho el pedido,Contra entrega en efectivo,No,10 cuadras,Sí,"El dueño del lugar de comidas, Uno de los meseros o meseras, Existe una persona exclusiva que hace las entregas, UBER EATS, DIDI Food",Les marco,
2/18/2021 20:11:35,CDMX,Entre 29 y 39 años de edad,02760,Preparas tu comida en casa,1 a 2 veces por semana,"Desayunos, Comida corrida / Comida a medio día, Antojitos mexicanos (tacos, gorditas, quesadillas, etc)",WhatsApp,"Teléfono, WhatsApp, APP móvil",,Pides que te lo envíen a tu domicilio,No,Tarjeta de debito / credito,No,3 cuadras,Sí,"Existe una persona exclusiva que hace las entregas, UBER EATS, DIDI Food",Siempre la encuentran,El menú a veces no está pensado en los que tenemos niños pequeños
2/18/2021 20:11:37,Cuautitlán izcalli,Entre 29 y 39 años de edad,54715,Comes fuera de casa / trabajo,1 a 2 veces por semana,Comida corrida / Comida a medio día,Visitas el lugar y pides el menú del día,Teléfono,,Pides que te lo envíen a tu trabajo,No,Tarjeta de debito / credito,Si,10 cuadras,Sí,"Existe una persona exclusiva que hace las entregas, UBER EATS",,
2/18/2021 20:11:57,Metepec,Entre 29 y 39 años de edad,52154,Preparas tu comida en casa,1 a 2 veces al mes,"Comida rápida (hamburguesas, hotdogs, alitas, etc)",Visitas el lugar y pides el menú del día,WhatsApp,,Los recoges en el lugar,Sí,"Contra entrega en efectivo, Tarjeta de debito / credito",Si,8 cuadras,Sí,"Uno de los meseros o meseras, UBER EATS",Les mando un mensaje por WhatsApp ,"Algunos de los pequeños negocios no están en la plataformas o no tienen la ""imagen"" de un negocio más consolidado por lo que pudiera generar un poco de desconfianza la entrega y/o preparación de los alimentos. "
2/18/2021 20:12:39,Querétaro ,Entre 29 y 39 años de edad,76240,Preparas tu comida en casa,1 a 2 veces por semana,"Comida rápida (hamburguesas, hotdogs, alitas, etc)",WhatsApp,WhatsApp,,Pides que te lo envíen a tu domicilio,Sí,Contra entrega en efectivo,Si,10 cuadras,Sí,Existe una persona exclusiva que hace las entregas,Me marcan ,Pues que pusieran mas negocios
2/18/2021 20:13:29,Ciudad de México ,Entre 40 y 50 años de edad,02100,Preparas tu comida en casa,3 a 5 veces por mes,Pizzas ,Visitas el lugar y pides el menú del día,APP móvil,,Pides que te lo envíen a tu domicilio,Llegan despúes de haber hecho el pedido,Contra entrega en efectivo,No,10 cuadras,Sí,Existe una persona exclusiva que hace las entregas,Les llamo por teléfono n,No
2/18/2021 20:13:37,Cuautitlán Izcalli,Entre 29 y 39 años de edad,54740,Preparas tu comida en casa,1 a 2 veces por semana,"Comida corrida / Comida a medio día, Antojitos mexicanos (tacos, gorditas, quesadillas, etc)",Instagram,"WhatsApp, APP móvil",,Pides que te lo envíen a tu domicilio,Sí,Tarjeta de debito / credito,Si,10 cuadras,Sí,"Existe una persona exclusiva que hace las entregas, UBER EATS, DIDI Food",Llamar ,
2/18/2021 20:15:21,Acapulco ,Entre 40 y 50 años de edad,06800,Pides comida a alguna fondita o restaurant cercano,1 a 2 veces al mes,"Antojitos mexicanos (tacos, gorditas, quesadillas, etc)",Página web,APP móvil,,Pides que te lo envíen a tu domicilio,No,Tarjeta de debito / credito,Si,10 cuadras,Sí,"UBER EATS, DIDI Food",No,No
2/18/2021 20:16:55,Queretaro,Entre 29 y 39 años de edad,94540,Cuando descanso,1 a 2 veces por semana,"Comida rápida (hamburguesas, hotdogs, alitas, etc)",Visitas el lugar y pides el menú del día,WhatsApp,,Pides que te lo envíen a tu domicilio,No,Tarjeta de debito / credito,Si,8 cuadras,Sí,Existe una persona exclusiva que hace las entregas,Doy referencia exactas o les digo que me marquen para vernos en un punto cercano,Pues no tenemos cerca negocios de comida o de snacks
2/18/2021 20:17:53,Toluca,Entre 29 y 39 años de edad,50920,Preparas tu comida en casa,1 a 2 veces por semana,"Comida rápida (hamburguesas, hotdogs, alitas, etc), Postres / dulces",Facebook,WhatsApp,,Pides que te lo envíen a tu domicilio,Sí,Contra entrega en efectivo,No,10 cuadras,Sí,Existe una persona exclusiva que hace las entregas,Ir a un punto intermedio,
2/18/2021 20:19:31,Calimaya,Entre 40 y 50 años de edad,52220,Preparas tu comida en casa,1 a 2 veces al mes,"Comida rápida (hamburguesas, hotdogs, alitas, etc), Postres / dulces",WhatsApp,WhatsApp,,Pides que te lo envíen a tu domicilio,Sí,Transferencia bancaria,No,5 cuadras,Sí,Uno de los meseros o meseras,Na,"Por la zona en la que me encuentro, solo se de estos negocios a través de grupos en WhatsApp"
2/18/2021 20:20:41,CDMX,Entre 29 y 39 años de edad,01470,Preparas tu comida en casa,1 a 2 veces por semana,"Desayunos, Comida corrida / Comida a medio día, Antojitos mexicanos (tacos, gorditas, quesadillas, etc), Comida rápida (hamburguesas, hotdogs, alitas, etc), Postres / dulces",WhatsApp,WhatsApp,,Pides que te lo envíen a tu domicilio,Sí,Contra entrega en efectivo,No,No hay,Sí,"Existe una persona exclusiva que hace las entregas, UBER EATS","Ya ubican, al principio doy referencia un laboratorio lapi",Que solo sea efectivo
2/18/2021 20:22:25,Tlalnepantla de Baz,Entre 29 y 39 años de edad,54023,Preparas tu comida en casa,1 a 2 veces por semana,"Comida corrida / Comida a medio día, Comida rápida (hamburguesas, hotdogs, alitas, etc), Cenas",Página web,"Teléfono, WhatsApp",,Pides que te lo envíen a tu domicilio,Sí,"Contra entrega en efectivo, Tarjeta de debito / credito",Si,Han venido de 10 min de mi domicilio,Sí,Dueño o mensajeros,Llaman y piden ubicación,Que no tengan menu
2/18/2021 20:23:56,Cuautitlan Izcalli,Entre 29 y 39 años de edad,54750,Preparas tu comida en casa,3 a 5 veces por mes,"Antojitos mexicanos (tacos, gorditas, quesadillas, etc), Comida rápida (hamburguesas, hotdogs, alitas, etc)",Página web,Uber eats,,Pides que te lo envíen a tu domicilio,Llegan despúes de haber hecho el pedido,Pago en la app,Si,10 cuadras,Sí,UBER EATS,Me marcan,
2/18/2021 20:24:46,Toluca,Entre 40 y 50 años de edad,50920,Preparas tu comida en casa,1 a 2 veces al mes,"Comida rápida (hamburguesas, hotdogs, alitas, etc)",Facebook,WhatsApp,,Pides que te lo envíen a tu domicilio,Llegan despúes de haber hecho el pedido,Contra entrega en efectivo,No,5 cuadras,Sí,Existe una persona exclusiva que hace las entregas,Ubicación,Ninguna
2/18/2021 20:25:28,CDMX,Entre 40 y 50 años de edad,11200,Pides comida a alguna fondita o restaurant cercano,1 a 2 veces por semana,"Comida corrida / Comida a medio día, Antojitos mexicanos (tacos, gorditas, quesadillas, etc), Postres / dulces",WhatsApp,Teléfono,,Pides que te lo envíen a tu domicilio,Sí,Contra entrega en efectivo,No,5 cuadras,Sí,Uno de los meseros o meseras,Hablar y dar más indicaciones ,
2/18/2021 20:26:34,Cdmx,Entre 29 y 39 años de edad,04939,Pides comida a alguna fondita o restaurant cercano,3 a 5 veces por semana,"Comida corrida / Comida a medio día, Antojitos mexicanos (tacos, gorditas, quesadillas, etc), Comida rápida (hamburguesas, hotdogs, alitas, etc)",WhatsApp,"Teléfono, WhatsApp, Visitan el local para hacer el pedido, APP móvil",,Pides que te lo envíen a tu domicilio,Llegan despúes de haber hecho el pedido,Tarjeta de debito / credito,Si,⁸,Sí,"Existe una persona exclusiva que hace las entregas, UBER EATS, DIDI Food",No ha pasado,
2/18/2021 20:26:43,Cdmx,Entre 40 y 50 años de edad,06140,Preparas tu comida en casa,1 a 2 veces por semana,"Antojitos mexicanos (tacos, gorditas, quesadillas, etc), Comida rápida (hamburguesas, hotdogs, alitas, etc)",WhatsApp,WhatsApp,,Pides que te lo envíen a tu domicilio,Llegan despúes de haber hecho el pedido,"Tarjeta de debito / credito, Transferencia bancaria",No,10 cuadras,Sí,"El dueño del lugar de comidas, Uno de los meseros o meseras",Nos comunicamos por teléfono ,
2/18/2021 20:26:59,Queretaro,Entre 29 y 39 años de edad,76910,Preparas tu comida en casa,1 a 2 veces por semana,"Antojitos mexicanos (tacos, gorditas, quesadillas, etc)",Visitas el lugar y pides el menú del día,"Teléfono, WhatsApp",,Los recoges en el lugar,Llegan despúes de haber hecho el pedido,"Contra entrega en efectivo, Tarjeta de debito / credito",Si,3 cuadras,Sí,El dueño del lugar de comidas,,
2/18/2021 20:27:51,Toluca,Entre 29 y 39 años de edad,54948,Preparas tu comida en casa,1 a 2 veces al mes,"Comida rápida (hamburguesas, hotdogs, alitas, etc)",Facebook,WhatsApp,,Pides que te lo envíen a tu domicilio,Sí,Contra entrega en efectivo,No,,Sí,Existe una persona exclusiva que hace las entregas,,
2/18/2021 20:28:03,CDMX. Delegación Tláhuac,Entre 40 y 50 años de edad,13250,Preparas tu comida en casa,1 a 2 veces al mes,"Antojitos mexicanos (tacos, gorditas, quesadillas, etc)",WhatsApp,WhatsApp,,Pides que te lo envíen a tu domicilio,Llegan despúes de haber hecho el pedido,Contra entrega en efectivo,No,10 cuadras,Sí,Existe una persona exclusiva que hace las entregas,Llaman a mi cel,
2/18/2021 20:29:00,Aguascalientes,Entre 29 y 39 años de edad,20328,Preparas tu comida en casa,1 a 2 veces al mes,"Comida rápida (hamburguesas, hotdogs, alitas, etc)",Visitas el lugar y pides el menú del día,Visitan el local para hacer el pedido,,Los recoges en el lugar,Sí,Tarjeta de debito / credito,No,10 cuadras,Sí,Existe una persona exclusiva que hace las entregas,Les hablo por teléfono para dar instrucciones,
2/18/2021 20:29:44,Ciudad de México,Entre 40 y 50 años de edad,09630,Comes fuera de casa / trabajo,Nunca,"Comida rápida (hamburguesas, hotdogs, alitas, etc)",Visitas el lugar y pides el menú del día,Teléfono,,Pides que te lo envíen a tu domicilio,Sí,Contra entrega en efectivo,Si,10 cuadras,Sí,Uno de los meseros o meseras,,
2/18/2021 20:33:12,CDMX,Entre 29 y 39 años de edad,08500,Pides comida a alguna fondita o restaurant cercano,3 a 5 veces por semana,Comida corrida / Comida a medio día,SMS,Teléfono,,Pides que te lo envíen a tu domicilio,Sí,Contra entrega en efectivo,No,10 cuadras,Sí,Existe una persona exclusiva que hace las entregas,Siempre allegado mi comida,
2/18/2021 20:36:38,Cuautitlan izcalli,Entre 29 y 39 años de edad,54715,Preparas tu comida en casa,1 a 2 veces al mes,"Comida corrida / Comida a medio día, Comida rápida (hamburguesas, hotdogs, alitas, etc)",Página web,APP móvil,,Pides que te lo envíen a tu domicilio,Llegan despúes de haber hecho el pedido,"Contra entrega en efectivo, Tarjeta de debito / credito",Si,10 cuadras,Sí,"Existe una persona exclusiva que hace las entregas, UBER EATS",Los oriento vía telefónica, Pocos restaurantes se registran en ubereats 
2/18/2021 20:37:49,CDMX,Entre 29 y 39 años de edad,14643,Preparas tu comida en casa,1 a 2 veces por semana,"Comida rápida (hamburguesas, hotdogs, alitas, etc)",Facebook,WhatsApp,,Los recoges en el lugar,Sí,Contra entrega en efectivo,Si,10 cuadras,Sí,Existe una persona exclusiva que hace las entregas,Guiar por llamada telefónica ,Son pocas las opciones 
2/18/2021 20:39:41,Nezahualcóyotl,Entre 40 y 50 años de edad,57630,Preparas tu comida en casa,1 a 2 veces por semana,"Comida corrida / Comida a medio día, Comida rápida (hamburguesas, hotdogs, alitas, etc)",Facebook,"WhatsApp, APP móvil",,Pides que te lo envíen a tu domicilio,Llegan despúes de haber hecho el pedido,"Contra entrega en efectivo, Tarjeta de debito / credito",Si,10 cuadras,Sí,"El dueño del lugar de comidas, UBER EATS",No me ha pasado ,
2/18/2021 20:41:23,Tlalnepantla de Bas,Entre 29 y 39 años de edad,54140,Preparas tu comida en casa,1 a 2 veces por semana,"Comida corrida / Comida a medio día, Comida rápida (hamburguesas, hotdogs, alitas, etc)",WhatsApp,"WhatsApp, APP móvil",,Pides que te lo envíen a tu domicilio,Llegan despúes de haber hecho el pedido,"Tarjeta de debito / credito, Transferencia bancaria",Si,Me ha tocado más de 10 km,Sí,"Existe una persona exclusiva que hace las entregas, UBER EATS",Solo me cancelan el pedido.,Para mi colonia no hay muchas opciones de restaurantes disponibles.
2/18/2021 20:44:05,Cdmx ,Entre 29 y 39 años de edad,04600,Pides comida a alguna fondita o restaurant cercano,1 a 2 veces al mes,"Comida rápida (hamburguesas, hotdogs, alitas, etc), Postres / dulces",Página web,APP móvil,,Pides que te lo envíen a tu domicilio,Llegan despúes de haber hecho el pedido,Contra entrega en efectivo,No,10 cuadras,Sí,"Existe una persona exclusiva que hace las entregas, UBER EATS, DIDI Food",Pasó a recogerlo ,Los km de entrega es difícil por cuadras 
2/18/2021 20:45:16,CDMX,Entre 29 y 39 años de edad,Mi domicilio ,Preparas tu comida en casa,1 a 2 veces al mes,"Comida corrida / Comida a medio día, Antojitos mexicanos (tacos, gorditas, quesadillas, etc), Comida rápida (hamburguesas, hotdogs, alitas, etc)",WhatsApp,"WhatsApp, APP móvil",,Pides que te lo envíen a tu domicilio,Sí,"Contra entrega en efectivo, Tarjeta de debito / credito",Si,10 cuadras,Sí,"Existe una persona exclusiva que hace las entregas, UBER EATS",Les escribo por WhatsApp ,
2/18/2021 20:47:51,Tonala,Entre 18 y 28 años de edad,45417,Preparas tu comida en casa,1 a 2 veces por semana,"Antojitos mexicanos (tacos, gorditas, quesadillas, etc), Comida rápida (hamburguesas, hotdogs, alitas, etc)",Página web,"Teléfono, APP móvil",,Pides que te lo envíen a tu domicilio,Sí,"Contra entrega en efectivo, Tarjeta de debito / credito",No,,Sí,"Uno de los meseros o meseras, Existe una persona exclusiva que hace las entregas, UBER EATS, DIDI Food",Llamar por teléfono ,
2/18/2021 20:48:26,México,Entre 29 y 39 años de edad,54080,Preparas tu comida en casa,1 a 2 veces por semana,"Antojitos mexicanos (tacos, gorditas, quesadillas, etc), Comida rápida (hamburguesas, hotdogs, alitas, etc)",Facebook,"WhatsApp, APP móvil",,Pides que te lo envíen a tu domicilio,Llegan despúes de haber hecho el pedido,Tarjeta de debito / credito,Si,10 cuadras,Sí,"Existe una persona exclusiva que hace las entregas, UBER EATS",Los encuentro para que me entreguen la comida.,
2/18/2021 20:52:58,Estado de México ,Entre 29 y 39 años de edad,54760,Preparas tu comida en casa,3 a 5 veces por mes,"Comida rápida (hamburguesas, hotdogs, alitas, etc)",WhatsApp,Teléfono,,Pides que te lo envíen a tu domicilio,Sí,Tarjeta de debito / credito,No,8 cuadras,Sí,"UBER EATS, DIDI Food",No,Más publicidad 
2/18/2021 20:53:37,Cdmx ,mas de 50 años de edad,08500,Preparas tu comida en casa,1 a 2 veces al mes,"Pizzas, pozole, huaraches",Visitas el lugar y pides el menú del día,Voy en bicicleta ,,Yo voy por ellos ,No,Efectivo ,No,"Es que no me la traen, yo voy ",Sí,Yo voy por la comida ,No tengo problema en que den con la dirección ,Ninguna 
2/18/2021 20:53:41,Mex,Entre 29 y 39 años de edad,07979,Preparas tu comida en casa,1 a 2 veces al mes,"Comida rápida (hamburguesas, hotdogs, alitas, etc)",Facebook,WhatsApp,,Pides que te lo envíen a tu domicilio,Llegan despúes de haber hecho el pedido,Tarjeta de debito / credito,Si,10 cuadras,Sí,Existe una persona exclusiva que hace las entregas,,
2/18/2021 20:58:06,Acapulco ,Entre 29 y 39 años de edad,39780,Preparas tu comida en casa,1 a 2 veces por semana,"Comida rápida (hamburguesas, hotdogs, alitas, etc)",Visitas el lugar y pides el menú del día,"Teléfono, WhatsApp",,Pides que te lo envíen a tu domicilio,Llegan despúes de haber hecho el pedido,"Contra entrega en efectivo, Tarjeta de debito / credito",Si,10 cuadras,Sí,Existe una persona exclusiva que hace las entregas,Llamada por teléfono ,No
2/18/2021 20:58:55,Edo de Mexico,Entre 40 y 50 años de edad,54715,Comes fuera de casa / trabajo,1 a 2 veces por semana,"Comida corrida / Comida a medio día, Antojitos mexicanos (tacos, gorditas, quesadillas, etc), Comida rápida (hamburguesas, hotdogs, alitas, etc)",Facebook,Teléfono,,Pides que te lo envíen a tu domicilio,Sí,Contra entrega en efectivo,No,5 cuadras,Sí,UBER EATS,,
2/18/2021 20:59:06,Edo de Mexico,Entre 40 y 50 años de edad,54715,Comes fuera de casa / trabajo,1 a 2 veces por semana,"Comida corrida / Comida a medio día, Antojitos mexicanos (tacos, gorditas, quesadillas, etc), Comida rápida (hamburguesas, hotdogs, alitas, etc)",Facebook,Teléfono,,Pides que te lo envíen a tu domicilio,Sí,Contra entrega en efectivo,No,5 cuadras,Sí,UBER EATS,,
2/18/2021 21:05:28,Ciudad de México,Entre 29 y 39 años de edad,01900,Preparas tu comida en casa,1 a 2 veces por semana,"Comida rápida (hamburguesas, hotdogs, alitas, etc)",Facebook,APP móvil,,Pides que te lo envíen a tu domicilio,Llegan despúes de haber hecho el pedido,Tarjeta de debito / credito,No,Generalmente son algunos Kms  ,Sí,UBER EATS,Hablarle al repartidor y darle todas las indicaciones ,
2/18/2021 21:08:49,Mexico ,Entre 18 y 28 años de edad,53770,Pides comida a alguna fondita o restaurant cercano,3 a 5 veces por semana,Comida corrida / Comida a medio día,WhatsApp,WhatsApp,,Pides que te lo envíen a tu domicilio,Sí,Contra entrega en efectivo,Si,5 cuadras,Sí,Existe una persona exclusiva que hace las entregas,Me llaman y les doy indicaciones más precisas ,Falta de publicidad 
2/18/2021 21:09:31,CDMX,Entre 18 y 28 años de edad,14400,Preparas tu comida en casa,1 a 2 veces al mes,Comida corrida / Comida a medio día,Visitas el lugar y pides el menú del día,"Teléfono, WhatsApp, APP móvil",,Pides que te lo envíen a tu domicilio,No,Contra entrega en efectivo,Si,8 cuadras,Sí,"Existe una persona exclusiva que hace las entregas, UBER EATS, DIDI Food",Pues canceló el pedido ,Publicidad y variedad de alimentos.
2/18/2021 21:10:03,Ciudad de mexico,Entre 40 y 50 años de edad,06400,Comes fuera de casa / trabajo,1 a 2 veces al mes,"Antojitos mexicanos (tacos, gorditas, quesadillas, etc), Comida rápida (hamburguesas, hotdogs, alitas, etc)",WhatsApp,"Teléfono, WhatsApp, APP móvil",,Pides que te lo envíen a tu domicilio,Sí,Contra entrega en efectivo,No,10 cuadras,Sí,Existe una persona exclusiva que hace las entregas,Me llaman y les explico como llegar.,No
2/18/2021 21:13:33,CDMX,Entre 18 y 28 años de edad,07820,Preparas tu comida en casa,1 a 2 veces al mes,"Comida rápida (hamburguesas, hotdogs, alitas, etc)",WhatsApp,"WhatsApp, Visitan el local para hacer el pedido, APP móvil",,Los recoges en el lugar,Llegan despúes de haber hecho el pedido,Contra entrega en efectivo,Si,3 cuadras,Sí,"El dueño del lugar de comidas, Uno de los meseros o meseras",Me contactan por WhatsApp,"Hago más pedidos a domicilio en mi trabajo, en mi casa es muy rara vez"
2/18/2021 21:16:29,Ciudad de México ,Entre 40 y 50 años de edad,14410,Preparas tu comida en casa,1 a 2 veces por semana,"Comida rápida (hamburguesas, hotdogs, alitas, etc)",Visitas el lugar y pides el menú del día,"Teléfono, WhatsApp",,Pides que te lo envíen a tu domicilio,Sí,Contra entrega en efectivo,Si,5 cuadras,Sí,Existe una persona exclusiva que hace las entregas,Hablamos por teléfono ,Es una unidad muy grande y no hay mucha comida para llevar 
2/18/2021 21:17:02,Ciudad de México,Entre 29 y 39 años de edad,11410,Preparas tu comida en casa,1 a 2 veces al mes,Comida corrida / Comida a medio día,Visitas el lugar y pides el menú del día,Visitan el local para hacer el pedido,,Los recoges en el lugar,No,Contra entrega en efectivo,No,5 cuadras,Sí,DIDI Food,No,
2/18/2021 21:21:12,Ciudad de México,Entre 40 y 50 años de edad,11800,Preparas tu comida en casa,3 a 5 veces por mes,"Sushi, pizza, pollo rostizado, pastas y ensaladas",WhatsApp,"Teléfono, WhatsApp, Visitan el local para hacer el pedido, A veces por Messenger",,Pides que te lo envíen a tu domicilio,Sí,Contra entrega en efectivo,Si,Varía dependiendo el restaurante,Sí,"Uno de los meseros o meseras, Existe una persona exclusiva que hace las entregas","Yo específico bien desde la llamada. Si no encuentran, me llaman.","Nunca puedo pedir por Didi o Uber, por lo que busco restaurantes que tengan su propio servicio de entrega."
2/18/2021 21:25:20,07500,Entre 40 y 50 años de edad,07500,Preparas tu comida en casa,3 a 5 veces por mes,"Comida rápida (hamburguesas, hotdogs, alitas, etc)",WhatsApp,APP móvil,,Pides que te lo envíen a tu domicilio,Llegan despúes de haber hecho el pedido,Tarjeta de debito / credito,No,por zona,No,UBER EATS,No,Ninguna
2/18/2021 21:25:52,"Naucalpan, estado de mexico",Entre 40 y 50 años de edad,53220,Preparas tu comida en casa,1 a 2 veces al mes,"Comida rápida (hamburguesas, hotdogs, alitas, etc)",Visitas el lugar y pides el menú del día,Visitan el local para hacer el pedido,,Los recoges en el lugar,No,Contra entrega en efectivo,Si,No lo sé,Sí,No lo sé,Llamar por teléfono,
2/18/2021 21:29:36,México ,Entre 18 y 28 años de edad,08500,Preparas tu comida en casa,1 a 2 veces por semana,"Comida rápida (hamburguesas, hotdogs, alitas, etc)",WhatsApp,"Teléfono, WhatsApp",,Pides que te lo envíen a tu domicilio,Sí,Contra entrega en efectivo,No,8 cuadras,Sí,Existe una persona exclusiva que hace las entregas,No,No
2/18/2021 21:33:50,MEXICO,mas de 50 años de edad,06800,Preparas tu comida en casa,1 a 2 veces al mes,"Antojitos mexicanos (tacos, gorditas, quesadillas, etc)",Visitas el lugar y pides el menú del día,Visitan el local para hacer el pedido,,Los recoges en el lugar,Sí,Contra entrega en efectivo,No,5 cuadras,Sí,Existe una persona exclusiva que hace las entregas,Vuelvo a llamar ,
2/18/2021 21:35:14,Tapachula ,mas de 50 años de edad,30700,Comes fuera de casa / trabajo,Nunca,Comida corrida / Comida a medio día,Página web,Teléfono,,,Llegan despúes de haber hecho el pedido,Tarjeta de debito / credito,Si,10 cuadras,Sí,"Uno de los meseros o meseras, Existe una persona exclusiva que hace las entregas",Llaman por tel,Me gustaría ver una oferta de comidas variadas y elegir cada dia algo diferente
2/18/2021 21:43:24,León ,Entre 18 y 28 años de edad,37128,Pides comida a alguna fondita o restaurant cercano,3 a 5 veces por semana,Comida corrida / Comida a medio día,Instagram,"WhatsApp, APP móvil",,Pides que te lo envíen a tu domicilio,Sí,Tarjeta de debito / credito,Si,8 cuadras,Sí,Existe una persona exclusiva que hace las entregas,,
2/18/2021 21:44:57,Estado de México,mas de 50 años de edad,54725,Preparas tu comida en casa,1 a 2 veces al mes,"Antojitos mexicanos (tacos, gorditas, quesadillas, etc), Comida rápida (hamburguesas, hotdogs, alitas, etc)",Visitas el lugar y pides el menú del día,"Teléfono, APP móvil",,Pides que te lo envíen a tu domicilio,No,Tarjeta de debito / credito,Si,No lo se,Sí,UBER EATS,,
2/18/2021 21:52:08,Ciudad de México,Entre 29 y 39 años de edad,15810,Preparas tu comida en casa,1 a 2 veces por semana,"Comida rápida (hamburguesas, hotdogs, alitas, etc), Postres / dulces",WhatsApp,"WhatsApp, APP móvil",,Pides que te lo envíen a tu domicilio,Sí,Tarjeta de debito / credito,Si,8 cuadras,Sí,"Existe una persona exclusiva que hace las entregas, UBER EATS, DIDI Food","Si, dar las instrucciones por teléfono ",
2/18/2021 22:06:51,Ciudad de Mexico,Entre 40 y 50 años de edad,03800,Comes fuera de casa / trabajo,3 a 5 veces por semana,Comida corrida / Comida a medio día,WhatsApp,WhatsApp,Hay que escribir mucho,Los recoges en el lugar,Sí,Contra entrega en efectivo,No,"No se, yo recojo el pedido",Sí,El dueño del lugar de comidas,Siempre encuentran,No
2/18/2021 22:07:20,Cdmx,Entre 29 y 39 años de edad,15830,Pides comida a alguna fondita o restaurant cercano,3 a 5 veces por semana,"Comida corrida / Comida a medio día, Postres / dulces",WhatsApp,"SMS, APP móvil",A veces se pierden las especificaciones del pedido ,Pides que te lo envíen a tu domicilio,Sí,"Contra entrega en efectivo, Tarjeta de debito / credito",No,10 cuadras,Sí,"Existe una persona exclusiva que hace las entregas, DIDI Food",Les marco por teléfono ,
2/18/2021 22:15:18,Ciudad de México,Entre 40 y 50 años de edad,05020,Preparas tu comida en casa,1 a 2 veces por semana,"Comida rápida (hamburguesas, hotdogs, alitas, etc)",WhatsApp,APP móvil,No me entienden,Pides que te lo envíen a tu domicilio,Sí,Tarjeta de debito / credito,No,10 cuadras,Sí,El dueño del lugar de comidas,Le llamo y lo voy guiando,Ninguno
2/18/2021 22:18:46,JALISCO,Entre 40 y 50 años de edad,45653,Pides comida a alguna fondita o restaurant cercano,3 a 5 veces por semana,Desayunos,WhatsApp,WhatsApp,Hay que escribir mucho,Pides que te lo envíen a tu domicilio,Sí,Contra entrega en efectivo,No,5 cuadras,Sí,Existe una persona exclusiva que hace las entregas,Explicación más detallada,
2/18/2021 22:19:20,Saltillo,Entre 29 y 39 años de edad,25904,Preparas tu comida en casa,1 a 2 veces al mes,"Comida rápida (hamburguesas, hotdogs, alitas, etc)",Visitas el lugar y pides el menú del día,"Teléfono, Visitan el local para hacer el pedido",Ninguno,Los recoges en el lugar,Sí,"Contra entrega en efectivo, Tarjeta de debito / credito",Si,10 cuadras,Sí,Existe una persona exclusiva que hace las entregas,Llamar y explicar,La comida en Saltillo es horrible.
2/18/2021 22:21:42,Cdmx,Entre 40 y 50 años de edad,08500,Preparas tu comida en casa,1 a 2 veces al mes,"Antojitos mexicanos (tacos, gorditas, quesadillas, etc)",WhatsApp,WhatsApp,No me entienden,Pides que te lo envíen a tu domicilio,Sí,Contra entrega en efectivo,No,10 cuadras,Sí,Existe una persona exclusiva que hace las entregas,Me marcan y trato de ubicarlos ,
2/18/2021 22:22:42,México,Entre 29 y 39 años de edad,07450,Pides comida a alguna fondita o restaurant cercano,3 a 5 veces por semana,"Antojitos mexicanos (tacos, gorditas, quesadillas, etc)",WhatsApp,WhatsApp,Hay que escribir mucho,Pides que te lo envíen a tu domicilio,Sí,Contra entrega en efectivo,No,10 cuadras,Sí,Existe una persona exclusiva que hace las entregas,,
2/18/2021 22:29:14,"Cuautitlán Izcalli, Edo. de México",mas de 50 años de edad,54744,Pides comida a alguna fondita o restaurant cercano,1 a 2 veces por semana,"Comida corrida / Comida a medio día, Comida rápida (hamburguesas, hotdogs, alitas, etc)",Página web,"Teléfono, APP móvil",No me escuchan bien,Pides que te lo envíen a tu domicilio,No,"Contra entrega en efectivo, Tarjeta de debito / credito",Si,Ignoro  como ponen límites   Es variable,Sí,"El dueño del lugar de comidas, UBER EATS",Por lo general donde pides se dan referencias ,
2/18/2021 22:38:42,Cuautitlán Izcalli,Entre 29 y 39 años de edad,54750,Preparas tu comida en casa,1 a 2 veces al mes,"Comida rápida (hamburguesas, hotdogs, alitas, etc)",Visitas el lugar y pides el menú del día,"Teléfono, WhatsApp, Visitan el local para hacer el pedido, APP móvil",Hay que escribir mucho,Pides que te lo envíen a tu domicilio,Sí,Tarjeta de debito / credito,Si,8 cuadras,Sí,"Existe una persona exclusiva que hace las entregas, UBER EATS",Orientarlos vía telefónica ,
2/18/2021 23:01:44,CDMX ,Entre 29 y 39 años de edad,4040,Preparas tu comida en casa,1 a 2 veces por semana,"Comida rápida (hamburguesas, hotdogs, alitas, etc)",Visitas el lugar y pides el menú del día,APP móvil,No me entienden,Pides que te lo envíen a tu domicilio,No,Tarjeta de debito / credito,No,10 cuadras,Sí,Existe una persona exclusiva que hace las entregas,"Llamar al local y preguntar por mi pedido, se comunican con el repartidor ",
2/18/2021 23:02:33,CDMX,mas de 50 años de edad,14030,Preparas tu comida en casa,1 a 2 veces al mes,"Comida corrida / Comida a medio día, Antojitos mexicanos (tacos, gorditas, quesadillas, etc)",Visitas el lugar y pides el menú del día,Teléfono,No me entienden,Los recoges en el lugar,Sí,Contra entrega en efectivo,No,3 cuadras,Sí,El dueño del lugar de comidas,No sucede,
2/18/2021 23:20:59,Monterrey,Entre 29 y 39 años de edad,66600,Preparas tu comida en casa,1 a 2 veces por semana,"Comida rápida (hamburguesas, hotdogs, alitas, etc)",Página web,APP móvil,No me entienden,Pides que te lo envíen a tu domicilio,Llegan despúes de haber hecho el pedido,Contra entrega en efectivo,Si,10 cuadras,Sí,DIDI Food,Me llaman ,
2/18/2021 23:55:35,Ciudad de México,Entre 40 y 50 años de edad,14130,Preparas tu comida en casa,1 a 2 veces por semana,"Desayunos, Antojitos mexicanos (tacos, gorditas, quesadillas, etc), Comida rápida (hamburguesas, hotdogs, alitas, etc), Postres / dulces",Página web,"Teléfono, WhatsApp, Visitan el local para hacer el pedido, APP móvil",No considero que sea difícil ,Pides que te lo envíen a tu domicilio,Sí,"Tarjeta de debito / credito, Transferencia bancaria, Tarjeta de vales restaurante ",Si,10 cuadras,Sí,"Existe una persona exclusiva que hace las entregas, UBER EATS, DIDI Food, Rappi",Me marcan y los guio,No todos los lugares aceptan tarjeta de vales restaurante 
2/19/2021 0:14:47,Ciudad de México,Entre 18 y 28 años de edad,02800,Preparas tu comida en casa,1 a 2 veces por semana,"Antojitos mexicanos (tacos, gorditas, quesadillas, etc), Comida rápida (hamburguesas, hotdogs, alitas, etc)",Facebook,"Teléfono, WhatsApp","Hay que escribir mucho, No me entienden",Pides que te lo envíen a tu domicilio,Sí,"Contra entrega en efectivo, Tarjeta de debito / credito",No,Dentro de la colonia ,Sí,"Uno de los meseros o meseras, Existe una persona exclusiva que hace las entregas, UBER EATS","Doy indicaciones de que es lo qué hay cerca o entre que calles me encuentro, color del predio, etc. ","Muchos locales no cuentan con algún medio (bicicleta, moto o auto) para entregar los pedidos o no llegan a otras colonias y realmente no me gusta usar uber eats o ese tipo de plataformas, me gusta que el dinero llegue directamente a los negocios. "
2/19/2021 0:21:47,CDMX ,Entre 40 y 50 años de edad,03300,Preparas tu comida en casa,1 a 2 veces al mes,"Comida rápida (hamburguesas, hotdogs, alitas, etc)",Visitas el lugar y pides el menú del día,APP móvil,Hay que escribir mucho,Pides que te lo envíen a tu domicilio,Sí,Tarjeta de debito / credito,Si,10 cuadras,Sí,UBER EATS,Sí encuentran la dirección ,El horario de los locales 
2/19/2021 0:28:05,CDMX ,Entre 40 y 50 años de edad,11430,Preparas tu comida en casa,1 a 2 veces al mes,"Comida corrida / Comida a medio día, Comida rápida (hamburguesas, hotdogs, alitas, etc)",WhatsApp,WhatsApp,Ninguno,Pides que te lo envíen a tu domicilio,Sí,Transferencia bancaria,No,10 cuadras,Sí,Existe una persona exclusiva que hace las entregas,Les doy referencias ,Ninguna
2/19/2021 0:40:01,Mérida,Entre 29 y 39 años de edad,97139,Preparas tu comida en casa,1 a 2 veces al mes,"Comida rápida (hamburguesas, hotdogs, alitas, etc), Cenas: pizza",Visitas el lugar y pides el menú del día,"Visitan el local para hacer el pedido, APP móvil",A veces lleva especificaciones que son muy difíciles de escribir o dar a entender.,Pides que te lo envíen a tu domicilio,Llegan despúes de haber hecho el pedido,"Contra entrega en efectivo, Transferencia bancaria",Si,10 cuadras,Sí,Rappi,Me marcan al celular,"A veces los menús o la información esta desactualizada. Creo que si hubiera una manera más sencilla para actualizarla, ayudaría a los establecimientos a brindar mejor y mayor acertada información."
2/19/2021 0:57:53,CDMX ,mas de 50 años de edad,09400,Preparas tu comida en casa,1 a 2 veces por semana,Normalmente pozole o cosas ke llevan 1 preparación larga o de ingredientes ke no tiene de diario en el refri pero mucho antojo,Página web,APP móvil,Ke no registran bien mi domicilio y pierdo mucho tiempo atendiendo al ke entrega,Pides que te lo envíen a tu domicilio,Sí,Contra entrega en efectivo,Si,Depende la aplicación ke ocupe si es del restaurante muy pocas cuadras pero si es de rappi o uber abarcan mucho mas,Sí,"UBER EATS, DIDI Food, Rappi",Al momento ke se ke el repartidor viene le mando mensaje con las espexificaciones,"Ke mejoren el precio calidad ya mis pedidos son muy limitados por esta razón por ej. Pido algo japones muy caro muy poca cantidad y la calidad no buena, por eso cocino mucho para ke las cosas sean como deben ser"
2/19/2021 1:00:04,CDMX ,Entre 40 y 50 años de edad,11430,Preparas tu comida en casa,1 a 2 veces al mes,"Comida corrida / Comida a medio día, Comida rápida (hamburguesas, hotdogs, alitas, etc)",WhatsApp,WhatsApp,Ninguno,Pides que te lo envíen a tu domicilio,Sí,Transferencia bancaria,No,10 cuadras,Sí,Existe una persona exclusiva que hace las entregas,Les doy referencias ,Ninguna
2/19/2021 1:18:06,Puebla,Entre 18 y 28 años de edad,72170,Preparas tu comida en casa,1 a 2 veces por semana,"Antojitos mexicanos (tacos, gorditas, quesadillas, etc)",WhatsApp,"WhatsApp, APP móvil",Tiempo de contestacion,Pides que te lo envíen a tu domicilio,Llegan despúes de haber hecho el pedido,"Contra entrega en efectivo, Tarjeta de debito / credito",Si,No se no las cuento lol,Sí,No se lol,Marco por telefono y salgo a la calle,Es dificil que encuentren mi direccion exacta
2/19/2021 7:33:01,CDMX,Entre 40 y 50 años de edad,03020,Preparas tu comida en casa,1 a 2 veces por semana,"Desayunos, Antojitos mexicanos (tacos, gorditas, quesadillas, etc), Comida rápida (hamburguesas, hotdogs, alitas, etc)",Visitas el lugar y pides el menú del día,"Teléfono, WhatsApp, APP móvil",Tardan en responder y si quiero preguntar algo necesito escribir mucho ,Pides que te lo envíen a tu domicilio,Sí,Tarjeta de debito / credito,No,"No se, pido mas otro tipo de comidas. Cuando pido a la fonda que es muy raro es la de  la esquina ",Sí,Uno de los meseros o meseras,No,Seguramente pediría más comida corrida si la viera en línea
2/19/2021 7:40:29,Estado de México ,Entre 29 y 39 años de edad,53470,Pides comida a alguna fondita o restaurant cercano,3 a 5 veces por semana,"Desayunos, Comida corrida / Comida a medio día, Antojitos mexicanos (tacos, gorditas, quesadillas, etc), Comida rápida (hamburguesas, hotdogs, alitas, etc), Postres / dulces",WhatsApp,"WhatsApp, APP móvil",No me escuchan bien,Pides que te lo envíen a tu domicilio,Sí,"Tarjeta de debito / credito, Transferencia bancaria",No,3 cuadras,Sí,"Uno de los meseros o meseras, UBER EATS, DIDI Food",Ellos se comunican conmigo y les explico como llegar,
2/19/2021 7:53:22,Guadalajara ,Entre 29 y 39 años de edad,44870,Pides comida a alguna fondita o restaurant cercano,1 a 2 veces por semana,"Comida corrida / Comida a medio día, Comida rápida (hamburguesas, hotdogs, alitas, etc)",Facebook,WhatsApp,No me entienden,Pides que te lo envíen a tu domicilio,No,Contra entrega en efectivo,No,10 cuadras,Sí,Existe una persona exclusiva que hace las entregas,Llamo ,No
2/19/2021 8:00:01,Aguascalientes,Entre 40 y 50 años de edad,20286,Preparas tu comida en casa,1 a 2 veces al mes,"Comida rápida (hamburguesas, hotdogs, alitas, etc)",WhatsApp,Teléfono,Ninguno,Los recoges en el lugar,Sí,Contra entrega en efectivo,No,,No,"Existe una persona exclusiva que hace las entregas, UBER EATS, DIDI Food",,
2/19/2021 8:22:20,CDMX,Entre 29 y 39 años de edad,15900,Preparas tu comida en casa,3 a 5 veces por semana,"Comida corrida / Comida a medio día, Comida rápida (hamburguesas, hotdogs, alitas, etc), Postres / dulces",WhatsApp,"WhatsApp, APP móvil",Tardan en contestar,Pides que te lo envíen a tu trabajo,Sí,"Contra entrega en efectivo, Tarjeta de debito / credito, Transferencia bancaria",No,10 cuadras,Sí,"El dueño del lugar de comidas, Existe una persona exclusiva que hace las entregas",,
2/19/2021 8:26:16,"MEXICO DF, DISTRITO FEDERAL",Entre 40 y 50 años de edad,11870,Preparas tu comida en casa,1 a 2 veces al mes,"Comida rápida (hamburguesas, hotdogs, alitas, etc)",Visitas el lugar y pides el menú del día,APP móvil,Muchos detalles ,Pides que te lo envíen a tu domicilio,Sí,Tarjeta de debito / credito,Si,10 cuadras,Sí,Existe una persona exclusiva que hace las entregas,Llaman,Es costosa
2/19/2021 8:35:35,Cuautitlán Izclli,Entre 40 y 50 años de edad,54767,Preparas tu comida en casa,1 a 2 veces por semana,"Antojitos mexicanos (tacos, gorditas, quesadillas, etc), Comida rápida (hamburguesas, hotdogs, alitas, etc)",WhatsApp,"WhatsApp, APP móvil",No es dificil,Pides que te lo envíen a tu domicilio,Sí,"Tarjeta de debito / credito, Transferencia bancaria",Si,No hay límite de entrega ,Sí,"Existe una persona exclusiva que hace las entregas, UBER EATS",Me marcan y los guio,
2/19/2021 8:38:25,Cuautitlán Izcalli,Entre 40 y 50 años de edad,54740,Preparas tu comida en casa,1 a 2 veces al mes,"Antojitos mexicanos (tacos, gorditas, quesadillas, etc)",Visitas el lugar y pides el menú del día,"Teléfono, Visitan el local para hacer el pedido",Ninguno ,Pides que te lo envíen a tu domicilio,No,Contra entrega en efectivo,No,No sé ,Sí,Existe una persona exclusiva que hace las entregas,No,Ningún problema 
2/19/2021 8:40:55,México,Entre 40 y 50 años de edad,14400,Comes fuera de casa / trabajo,3 a 5 veces por semana,"Comida corrida / Comida a medio día, Antojitos mexicanos (tacos, gorditas, quesadillas, etc), Comida rápida (hamburguesas, hotdogs, alitas, etc)",WhatsApp,Teléfono,"No me entienden, No me escuchan bien",Pides que te lo envíen a tu domicilio,Llegan despúes de haber hecho el pedido,Tarjeta de debito / credito,No,10 cuadras,Sí,"Uno de los meseros o meseras, Existe una persona exclusiva que hace las entregas, UBER EATS, DIDI Food",No,No
2/19/2021 8:42:42,Querétaro,Entre 18 y 28 años de edad,76000,Pides comida a alguna fondita o restaurant cercano,1 a 2 veces por semana,Comida corrida / Comida a medio día,Facebook,"WhatsApp, APP móvil","Hay que escribir mucho, No me entienden",Pides que te lo envíen a tu domicilio,Sí,Tarjeta de debito / credito,Si,8 cuadras,Sí,"Uno de los meseros o meseras, UBER EATS",Se me reembolsa el dinero y me preparo algo rápido o compro comida chatarra. ,
2/19/2021 8:46:29,Cuautitlan izcalli,Entre 29 y 39 años de edad,54744,Pides comida a alguna fondita o restaurant cercano,3 a 5 veces por semana,"Antojitos mexicanos (tacos, gorditas, quesadillas, etc), Comida rápida (hamburguesas, hotdogs, alitas, etc)",WhatsApp,"Teléfono, WhatsApp",Se tardan en ver el whatsapp,Los recoges en el lugar,Llegan despúes de haber hecho el pedido,"Contra entrega en efectivo, contraentrega ya sea en efectivo o tarjeta",No,10 cuadras,Sí,Existe una persona exclusiva que hace las entregas,no,.
2/19/2021 8:47:23,Cdmx,Entre 40 y 50 años de edad,11560,Pides comida a alguna fondita o restaurant cercano,1 a 2 veces por semana,Comida corrida / Comida a medio día,WhatsApp,WhatsApp,No me entienden,Pides que te lo envíen a tu domicilio,Llegan despúes de haber hecho el pedido,Contra entrega en efectivo,Si,8 cuadras,Sí,Existe una persona exclusiva que hace las entregas,No,
2/19/2021 8:54:34,Jalisco ,Entre 29 y 39 años de edad,11520,Pides comida a alguna fondita o restaurant cercano,3 a 5 veces por semana,Comida corrida / Comida a medio día,WhatsApp,WhatsApp,Hay que escribir mucho,Pides que te lo envíen a tu domicilio,Llegan despúes de haber hecho el pedido,"Contra entrega en efectivo, Tarjeta de debito / credito",No,No se ,No,Existe una persona exclusiva que hace las entregas,No se ,No
2/19/2021 8:54:45,Tultitlán,Entre 29 y 39 años de edad,54945,Preparas tu comida en casa,1 a 2 veces por semana,"Antojitos mexicanos (tacos, gorditas, quesadillas, etc), Comida rápida (hamburguesas, hotdogs, alitas, etc), Postres / dulces",Facebook,"Teléfono, WhatsApp, Messenger",Tiempo de respuesta,Pides que te lo envíen a tu domicilio,No,Contra entrega en efectivo,No,10 cuadras,Sí,"El dueño del lugar de comidas, Uno de los meseros o meseras",Mandar mi ubicación,Los que no se publican en Facebook no se dan a conocer tanto
2/19/2021 9:07:02,Aguascalientes,Entre 18 y 28 años de edad,20118,Preparas tu comida en casa,3 a 5 veces por mes,"Desayunos, Comida corrida / Comida a medio día",Facebook,APP móvil,Muchas veces la comunicación no es buena,Pides que te lo envíen a tu domicilio,Llegan despúes de haber hecho el pedido,Tarjeta de debito / credito,Si,10 cuadras,Sí,UBER EATS,Pongo una descripción de mi ubicación,
2/19/2021 9:35:44,CDMX,Entre 29 y 39 años de edad,11410,Pides comida a alguna fondita o restaurant cercano,3 a 5 veces por semana,"Desayunos, Antojitos mexicanos (tacos, gorditas, quesadillas, etc)",WhatsApp,Uber Eats,Uber Eats funciona bien ,Pides que te lo envíen a tu domicilio,Sí,Tarjeta de debito / credito,Si,Cobertura de Uber Eats es amplia ,Sí,UBER EATS,Marco o me marcan para avisar ,
2/19/2021 9:36:53,"Corregidora, Querétaro",Entre 40 y 50 años de edad,76908,Comes fuera de casa / trabajo,1 a 2 veces al mes,"Antojitos mexicanos (tacos, gorditas, quesadillas, etc)",Visitas el lugar y pides el menú del día,Teléfono,No me escuchan bien,Los recoges en el lugar,Sí,Contra entrega en efectivo,No,10 cuadras,Sí,Existe una persona exclusiva que hace las entregas,Si lo encuentran,No
2/19/2021 9:37:46,Cuautitlan Izcalli,Entre 29 y 39 años de edad,54740,Preparas tu comida en casa,1 a 2 veces por semana,"Antojitos mexicanos (tacos, gorditas, quesadillas, etc)",Visitas el lugar y pides el menú del día,Teléfono,No me entienden,Pides que te lo envíen a tu domicilio,No,Contra entrega en efectivo,Si,10 cuadras,Sí,"Uno de los meseros o meseras, Existe una persona exclusiva que hace las entregas",,
2/19/2021 9:45:40,Tlalnepantla,Entre 29 y 39 años de edad,54070,Preparas tu comida en casa,1 a 2 veces al mes,Comida corrida / Comida a medio día,Visitas el lugar y pides el menú del día,APP móvil,Hay que escribir mucho,Pides que te lo envíen a tu domicilio,Llegan despúes de haber hecho el pedido,Tarjeta de debito / credito,Si,10 cuadras,Sí,UBER EATS,No,No
2/19/2021 9:53:06,06 - Ciudad de México,mas de 50 años de edad,06470,Pides comida a alguna fondita o restaurant cercano,1 a 2 veces por semana,Comida corrida / Comida a medio día,WhatsApp,Teléfono,ninguno,Pides que te lo envíen a tu domicilio,Llegan despúes de haber hecho el pedido,Contra entrega en efectivo,No,8 cuadras,Sí,Existe una persona exclusiva que hace las entregas,No siempre la encuentran,Ninguno
2/19/2021 10:03:09,Monterrey ,Entre 18 y 28 años de edad,64760,Preparas tu comida en casa,1 a 2 veces por semana,"Antojitos mexicanos (tacos, gorditas, quesadillas, etc), Comida rápida (hamburguesas, hotdogs, alitas, etc), Postres / dulces",Instagram,"WhatsApp, APP móvil",No me escuchan bien,Pides que te lo envíen a tu domicilio,Sí,Tarjeta de debito / credito,Si,5 km ,Sí,"Existe una persona exclusiva que hace las entregas, UBER EATS, RAPPI","No, realmente es muy sencillo llegar ",No
2/19/2021 10:05:02,Tijuana,Entre 29 y 39 años de edad,22044,Preparas tu comida en casa,1 a 2 veces por semana,"Desayunos, Comida rápida (hamburguesas, hotdogs, alitas, etc)",Visitas el lugar y pides el menú del día,"WhatsApp, APP móvil",mal servicio al cliente,Pides que te lo envíen a tu domicilio,Sí,Tarjeta de debito / credito,Si,10 cuadras,No,UBER EATS,,
2/19/2021 10:07:25,playa del carmen,Entre 18 y 28 años de edad,77710,Preparas tu comida en casa,3 a 5 veces por semana,"Comida rápida (hamburguesas, hotdogs, alitas, etc)",Instagram,WhatsApp,No me entienden,Pides que te lo envíen a tu domicilio,Llegan despúes de haber hecho el pedido,Contra entrega en efectivo,Si,10 cuadras,Sí,"Existe una persona exclusiva que hace las entregas, Rappi",,Aveces no cuentan con whatsapp y es difícil guiarlo sin enviar la ubicación 
2/19/2021 10:26:23,Mexico City,Entre 29 y 39 años de edad,52764,Preparas tu comida en casa,3 a 5 veces por semana,"Comida rápida (hamburguesas, hotdogs, alitas, etc)",Visitas el lugar y pides el menú del día,"Teléfono, WhatsApp",Hay que escribir mucho,Pides que te lo envíen a tu domicilio,Sí,Contra entrega en efectivo,Si,No sé,No,"UBER EATS, DIDI Food",,
2/19/2021 10:35:56,Cancún ,Entre 29 y 39 años de edad,77525,Pides comida a alguna fondita o restaurant cercano,1 a 2 veces por semana,"Comida corrida / Comida a medio día, Antojitos mexicanos (tacos, gorditas, quesadillas, etc), Comida rápida (hamburguesas, hotdogs, alitas, etc)",Facebook,"Teléfono, WhatsApp",Hay que escribir mucho,Pides que te lo envíen a tu domicilio,Llegan despúes de haber hecho el pedido,"Contra entrega en efectivo, Tarjeta de debito / credito",Si,10 cuadras,Sí,"Existe una persona exclusiva que hace las entregas, UBER EATS",No,
2/19/2021 11:18:41,Ciudad de México ,Entre 29 y 39 años de edad,02800,Pides comida a alguna fondita o restaurant cercano,3 a 5 veces por semana,"Comida corrida / Comida a medio día, Comida rápida (hamburguesas, hotdogs, alitas, etc)",Visitas el lugar y pides el menú del día,Teléfono,No me entienden,Pides que te lo envíen a tu domicilio,Sí,Contra entrega en efectivo,Si,10 cuadras,Sí,"El dueño del lugar de comidas, Uno de los meseros o meseras, UBER EATS",Tengo que ir al lugar para recogerlo,
2/19/2021 11:45:43,Aguascalientes,Entre 29 y 39 años de edad,20119,Preparas tu comida en casa,1 a 2 veces por semana,"Comida rápida (hamburguesas, hotdogs, alitas, etc), Sushi y poke bowls ",Facebook,"Teléfono, WhatsApp, APP móvil",N/a,Pides que te lo envíen a tu domicilio,Llegan despúes de haber hecho el pedido,Tarjeta de debito / credito,Si,10 cuadras,Sí,"Uno de los meseros o meseras, Existe una persona exclusiva que hace las entregas, UBER EATS","Sí, hablar con el repartidor para explicarle ",
2/19/2021 11:55:58,Guadalajara ,Entre 29 y 39 años de edad,44870,Pides comida a alguna fondita o restaurant cercano,1 a 2 veces por semana,"Comida corrida / Comida a medio día, Comida rápida (hamburguesas, hotdogs, alitas, etc)",Facebook,WhatsApp,No me entienden,Pides que te lo envíen a tu domicilio,No,Contra entrega en efectivo,No,10 cuadras,Sí,Existe una persona exclusiva que hace las entregas,Llamo ,No
2/19/2021 12:02:54,cdmx,Entre 29 y 39 años de edad,01080,Preparas tu comida en casa,1 a 2 veces por semana,"Comida corrida / Comida a medio día, Comida rápida (hamburguesas, hotdogs, alitas, etc)",Visitas el lugar y pides el menú del día,APP móvil,Hay que escribir mucho,Pides que te lo envíen a tu domicilio,Llegan despúes de haber hecho el pedido,"Tarjeta de debito / credito, Transferencia bancaria",No,lo desconozco  ,Sí,UBER EATS,Me marcan por teléfono ,"No hay publicidad de negocios locales, siguen siendo las grandes marcas "
2/19/2021 12:07:09,Ciudad de México,Entre 29 y 39 años de edad,06140,Pides comida a alguna fondita o restaurant cercano,3 a 5 veces por semana,"Comida corrida / Comida a medio día, Comida rápida (hamburguesas, hotdogs, alitas, etc)",WhatsApp,APP móvil,Ninguno,Pides que te lo envíen a tu domicilio,Sí,Tarjeta de debito / credito,Si,3 cuadras,Sí,"Uno de los meseros o meseras, UBER EATS, DIDI Food",Mensaje de texto,
2/19/2021 12:17:07,Guadalajara,Entre 18 y 28 años de edad,45400,Preparas tu comida en casa,1 a 2 veces por semana,"Comida rápida (hamburguesas, hotdogs, alitas, etc)",Visitas el lugar y pides el menú del día,"Teléfono, WhatsApp","Hay que escribir mucho, No me escuchan bien",Pides que te lo envíen a tu domicilio,No,Contra entrega en efectivo,Si,5 cuadras,Sí,Existe una persona exclusiva que hace las entregas,,
2/19/2021 13:16:10,Cuautitlán Izcalli,Entre 29 y 39 años de edad,54766,Preparas tu comida en casa,1 a 2 veces al mes,"Antojitos mexicanos (tacos, gorditas, quesadillas, etc), Comida rápida (hamburguesas, hotdogs, alitas, etc)",Facebook,"Teléfono, WhatsApp, Visitan el local para hacer el pedido",Hay que escribir mucho,Pides que te lo envíen a tu domicilio,Llegan despúes de haber hecho el pedido,"Contra entrega en efectivo, Tarjeta de debito / credito",No,8 cuadras,Sí,"Existe una persona exclusiva que hace las entregas, UBER EATS, DIDI Food",Dar indicaciones por telefono al repartidor,
2/19/2021 13:38:33,playa del carmen,Entre 40 y 50 años de edad,77710,Preparas tu comida en casa,1 a 2 veces por semana,"Comida rápida (hamburguesas, hotdogs, alitas, etc)",Facebook,WhatsApp,Hay que escribir mucho,Pides que te lo envíen a tu domicilio,Sí,Tarjeta de debito / credito,Si,10 cuadras,Sí,Existe una persona exclusiva que hace las entregas,,
2/19/2021 13:59:37,Cdmx ,Entre 29 y 39 años de edad,09400,Preparas tu comida en casa,Nunca,"Comida rápida (hamburguesas, hotdogs, alitas, etc)",Visitas el lugar y pides el menú del día,APP móvil,A veces no puedes escribir si requieres un cambio ,Pides que te lo envíen a tu domicilio,Sí,Tarjeta de debito / credito,No,,No,No pido comida de fondas ,,
2/19/2021 15:27:40,Xochimilco,Entre 29 y 39 años de edad,16750,Pides comida a alguna fondita o restaurant cercano,3 a 5 veces por semana,Comida corrida / Comida a medio día,WhatsApp,WhatsApp,No me entienden,Pides que te lo envíen a tu domicilio,Sí,"Contra entrega en efectivo, Tarjeta de debito / credito",No,todo el pueblo o colonia,Sí,Uno de los meseros o meseras,no,pues seria bueno usar la redes sociales para darse a conocer
2/19/2021 15:28:10,Cuautitlán Izclli,Entre 40 y 50 años de edad,54767,Preparas tu comida en casa,1 a 2 veces por semana,"Antojitos mexicanos (tacos, gorditas, quesadillas, etc), Comida rápida (hamburguesas, hotdogs, alitas, etc)",WhatsApp,"WhatsApp, APP móvil",No es dificil,Pides que te lo envíen a tu domicilio,Sí,"Tarjeta de debito / credito, Transferencia bancaria",Si,No hay límite de entrega ,Sí,"Existe una persona exclusiva que hace las entregas, UBER EATS",Me marcan y los guio,
2/19/2021 15:58:22,Aguascalientes,Entre 40 y 50 años de edad,20286,Preparas tu comida en casa,1 a 2 veces al mes,"Comida rápida (hamburguesas, hotdogs, alitas, etc)",WhatsApp,Teléfono,Ninguno,Los recoges en el lugar,Sí,Contra entrega en efectivo,No,,No,"Existe una persona exclusiva que hace las entregas, UBER EATS, DIDI Food",,
2/19/2021 19:21:33,Mazatlan,Entre 18 y 28 años de edad,82110,Preparas tu comida en casa,3 a 5 veces por semana,"Comida rápida (hamburguesas, hotdogs, alitas, etc), Postres / dulces",Facebook,"Teléfono, WhatsApp",No me entienden,Pides que te lo envíen a tu domicilio,Sí,"Contra entrega en efectivo, Tarjeta de debito / credito",No,10 cuadras,Sí,"Existe una persona exclusiva que hace las entregas, UBER EATS",Marcarles y ponerme de acuerdo,Siempre tienes que andar preguntando el menu y es tardado. Me gustaria que hubiera una opcion para ya saber
2/19/2021 21:47:56,CDMX,Entre 29 y 39 años de edad,11370,Pides comida a alguna fondita o restaurant cercano,3 a 5 veces por semana,"Comida corrida / Comida a medio día, Cena ",WhatsApp,"Teléfono, WhatsApp, APP móvil",No me entienden,Pides que te lo envíen a tu domicilio,Llegan despúes de haber hecho el pedido,"Contra entrega en efectivo, Tarjeta de debito / credito",Si,Depende si pido por app,Sí,"Existe una persona exclusiva que hace las entregas, UBER EATS, DIDI Food, Rappi",,
2/20/2021 7:29:37,Zapopan,Entre 29 y 39 años de edad,45130,Preparas tu comida en casa,3 a 5 veces por mes,"Comida rápida (hamburguesas, hotdogs, alitas, etc)",Página web,"Teléfono, APP móvil",No me entienden,Pides que te lo envíen a tu domicilio,Sí,Tarjeta de debito / credito,Si,10 cuadras,No,"Existe una persona exclusiva que hace las entregas, UBER EATS, DIDI Food",No,
2/20/2021 10:04:25,GDL,Entre 40 y 50 años de edad,45146,Preparas tu comida en casa,Nunca,Desayunos,Visitas el lugar y pides el menú del día,Teléfono,No me entienden,Los recoges en el lugar,No,Contra entrega en efectivo,No,5 cuadras,Sí,Uno de los meseros o meseras,Les marco por teléfono para saber que esta  pasando,No conozco las opciones que tengo cerca de mi casa
2/21/2021 14:37:41,Ciudad de México,Entre 40 y 50 años de edad,01000,"Ambas,preparo mi comida o pido en fonda ce rcana",Nunca,Comida corrida / Comida a medio día,WhatsApp,WhatsApp,Ningún problema,"Voy al lugar, una que otra ocasión que lo lleven a mi trabajo",Sí,Débito y/o efectivo,Si,5 cuadras,Sí,Uno de los meseros o meseras,Llamar por teléfono,
2/22/2021 0:51:55,CDMX ,Entre 40 y 50 años de edad,11430,Preparas tu comida en casa,1 a 2 veces al mes,"Comida corrida / Comida a medio día, Comida rápida (hamburguesas, hotdogs, alitas, etc)",WhatsApp,WhatsApp,Ninguno,Pides que te lo envíen a tu domicilio,Sí,Transferencia bancaria,No,10 cuadras,Sí,Existe una persona exclusiva que hace las entregas,Les doy referencias ,Ninguna
2/22/2021 11:31:58,CDMX,Entre 29 y 39 años de edad,14408,Pides comida a alguna fondita o restaurant cercano,1 a 2 veces por semana,"Desayunos, Comida corrida / Comida a medio día, Antojitos mexicanos (tacos, gorditas, quesadillas, etc), Comida rápida (hamburguesas, hotdogs, alitas, etc), Postres / dulces",Facebook,"WhatsApp, APP móvil",No me entienden,Pides que te lo envíen a tu domicilio,Sí,Tarjeta de debito / credito,Si,Depende si es por APP,Sí,"Existe una persona exclusiva que hace las entregas, UBER EATS, DIDI Food","Sí, ellos llaman.",
2/22/2021 11:45:16,CDMX,Entre 29 y 39 años de edad,14735,Preparas tu comida en casa,1 a 2 veces por semana,"Antojitos mexicanos (tacos, gorditas, quesadillas, etc), Postres / dulces",WhatsApp,WhatsApp,Ninguno,Los recoges en el lugar,Sí,"Contra entrega en efectivo, Transferencia bancaria",No,10 cuadras,Sí,Uno de los meseros o meseras,Me llaman por teléfono y les doy las indicaciones,
2/22/2021 11:45:18,CDMX,Entre 29 y 39 años de edad,14410,Preparas tu comida en casa,3 a 5 veces por semana,"Antojitos mexicanos (tacos, gorditas, quesadillas, etc), Comida rápida (hamburguesas, hotdogs, alitas, etc)",Visitas el lugar y pides el menú del día,"WhatsApp, APP móvil",No me escuchan bien,Pides que te lo envíen a tu domicilio,Sí,Tarjeta de debito / credito,Si,4 - 5 KM,Sí,UBER EATS,Siempre la encuentran,
2/22/2021 11:49:09,CDMX,Entre 29 y 39 años de edad,01540,Preparas tu comida en casa,1 a 2 veces por semana,"Comida corrida / Comida a medio día, Comida rápida (hamburguesas, hotdogs, alitas, etc)",Página web,APP móvil,No me entienden,Pides que te lo envíen a tu domicilio,Llegan despúes de haber hecho el pedido,Tarjeta de debito / credito,Si,5 cuadras,Sí,UBER EATS,hablar para orientar ,
2/22/2021 11:49:44,Tlalnepantla,Entre 29 y 39 años de edad,54190,Preparas tu comida en casa,1 a 2 veces por semana,"Comida rápida (hamburguesas, hotdogs, alitas, etc), Postres / dulces",Facebook,"Teléfono, WhatsApp, Visitan el local para hacer el pedido","Hay que escribir mucho, No me escuchan bien",Los recoges en el lugar,No,Contra entrega en efectivo,Si,8 cuadras,Sí,Uno de los meseros o meseras,ir a la lugar de comida ,
2/22/2021 11:54:13,CDMX ,Entre 29 y 39 años de edad,53840,Comes fuera de casa / trabajo,1 a 2 veces por semana,"Comida corrida / Comida a medio día, Antojitos mexicanos (tacos, gorditas, quesadillas, etc), Comida rápida (hamburguesas, hotdogs, alitas, etc)",WhatsApp,"WhatsApp, APP móvil",Hay que escribir mucho,Pides que te lo envíen a tu domicilio,No,Tarjeta de debito / credito,Si,8 cuadras,Sí,UBER EATS,,
2/22/2021 13:10:08,Cdmx ,Entre 29 y 39 años de edad,02840,Pides comida a alguna fondita o restaurant cercano,1 a 2 veces por semana,"Comida corrida / Comida a medio día, Antojitos mexicanos (tacos, gorditas, quesadillas, etc), Comida rápida (hamburguesas, hotdogs, alitas, etc)",Facebook,"WhatsApp, APP móvil",Sin problemas ,Pides que te lo envíen a tu trabajo,Llegan despúes de haber hecho el pedido,"Contra entrega en efectivo, Tarjeta de debito / credito",Si,Sin límite ,Sí,"Existe una persona exclusiva que hace las entregas, UBER EATS, DIDI Food",Llamarles ,Ninguno 
2/22/2021 13:14:34,Coyoacán,Entre 29 y 39 años de edad,04600,Preparas tu comida en casa,1 a 2 veces por semana,"Antojitos mexicanos (tacos, gorditas, quesadillas, etc), Comida rápida (hamburguesas, hotdogs, alitas, etc)",Facebook,APP móvil,no he tenido problemas,Pides que te lo envíen a tu domicilio,Sí,Tarjeta de debito / credito,Si,10 cuadras,Sí,"UBER EATS, DIDI Food",No me ha pasado,No he tenido limitaciones
2/22/2021 17:22:47,Monterrey,Entre 18 y 28 años de edad,64349,Comes fuera de casa / trabajo,1 a 2 veces por semana,Comida corrida / Comida a medio día,Instagram,APP móvil,Hay que escribir mucho,Pides que te lo envíen a tu domicilio,Llegan despúes de haber hecho el pedido,Tarjeta de debito / credito,Si,8 cuadras,Sí,"UBER EATS, DIDI Food",Les tengo que explicar con texto el cómo llegar,Ningún otro comentario
2/22/2021 20:03:53,Estado de México,Entre 29 y 39 años de edad,54020,Preparas tu comida en casa,1 a 2 veces al mes,"Antojitos mexicanos (tacos, gorditas, quesadillas, etc), Sushi",Página web,"Teléfono, WhatsApp, APP móvil",No me entienden,Pides que te lo envíen a tu domicilio,Sí,"Contra entrega en efectivo, Tarjeta de debito / credito",No,10 cuadras,Sí,"Existe una persona exclusiva que hace las entregas, UBER EATS",Pongo referencias,
2/22/2021 20:22:22,CDMX,Entre 29 y 39 años de edad,54020,Preparas tu comida en casa,1 a 2 veces por semana,"Antojitos mexicanos (tacos, gorditas, quesadillas, etc), Comida rápida (hamburguesas, hotdogs, alitas, etc)",WhatsApp,"WhatsApp, APP móvil",La variedad del menú todo se antoja,Pides que te lo envíen a tu domicilio,Llegan despúes de haber hecho el pedido,Tarjeta de debito / credito,Si,Depende de la aplicación ,Sí,"Existe una persona exclusiva que hace las entregas, UBER EATS, DIDI Food",Llamar por el celular,
2/23/2021 12:39:35,Nezahualcóyotl ,Entre 18 y 28 años de edad,03810,Preparas tu comida en casa,1 a 2 veces por semana,"Comida corrida / Comida a medio día, Comida rápida (hamburguesas, hotdogs, alitas, etc)",Página web,Teléfono,No me entienden,Pides que te lo envíen a tu trabajo,Sí,Contra entrega en efectivo,Si,Desconozco ,Sí,"Existe una persona exclusiva que hace las entregas, UBER EATS",Llamar de vuelta ,No
2/24/2021 1:32:08,Guadalajara ,Entre 18 y 28 años de edad,44840,Pides comida a alguna fondita o restaurant cercano,3 a 5 veces por semana,Comida corrida / Comida a medio día,Visitas el lugar y pides el menú del día,Visitan el local para hacer el pedido,... ,Pides que te lo envíen a tu trabajo,Llegan despúes de haber hecho el pedido,Contra entrega en efectivo,No,5 cuadras,Sí,Existe una persona exclusiva que hace las entregas,... ,... 
2/24/2021 15:47:23,Zapopan,Entre 29 y 39 años de edad,45020,Preparas tu comida en casa,1 a 2 veces por semana,"Comida corrida / Comida a medio día, Comida rápida (hamburguesas, hotdogs, alitas, etc)",Facebook,"Teléfono, Visitan el local para hacer el pedido, APP móvil",Hay que escribir mucho,Pides que te lo envíen a tu domicilio,No,"Contra entrega en efectivo, Tarjeta de debito / credito",Si,10 cuadras,Sí,"Existe una persona exclusiva que hace las entregas, UBER EATS, DIDI Food",Nos comunicamos telefónicamente. ,
2/24/2021 17:17:44,Chetumal,Entre 29 y 39 años de edad,77080,Preparas tu comida en casa,1 a 2 veces por semana,Comida corrida / Comida a medio día,Facebook,"Teléfono, WhatsApp","Hay que escribir mucho, No me escuchan bien",Los recoges en el lugar,No,Contra entrega en efectivo,Si,8 cuadras,Sí,Existe una persona exclusiva que hace las entregas,Enojarme y marcar para pedir informes,No hay una aplicación que indexe los locales de comida en mi ciudad
2/26/2021 11:13:11,CDMX,Entre 18 y 28 años de edad,07620,Pides comida a alguna fondita o restaurant cercano,3 a 5 veces por semana,"Comida corrida / Comida a medio día, Antojitos mexicanos (tacos, gorditas, quesadillas, etc)",WhatsApp,"WhatsApp, APP móvil",No me entienden,Pides que te lo envíen a tu domicilio,Sí,"Contra entrega en efectivo, Transferencia bancaria",Si,8 cuadras,Sí,"Existe una persona exclusiva que hace las entregas, UBER EATS, DIDI Food",,